[
  {
    "id": 1749186040895,
    "text": "犬はさっきと 特に何が書いてあるわけじゃないので123が普通に表示されます E の部分は煮るっていう風に出てきましたと思うんですけど 一緒ですけど ほぼ一緒って考えてもらって十分かなと\nなので入ってない\n場合に この E の中に値が入るかって言うとなんとなく 皆さんもしかして登録するかもしれませんけど今は123っていう文字を数値に変換してるからうまくいってます\n 本当に 文字だった場合はうまくいかないよね\n はいじゃあちょっと試してみましょうはい じゃあ S のところを123じゃなくて別のものに変えましょう 何でもいいですけど ABC とか はい ちょっと変えてみて\n 保存して動かしてみましょう ",
    "metadata": {
      "originalLength": 302,
      "sanitizedLength": 302,
      "timestamp": "2025-06-06T05:00:40.729Z",
      "source": "client",
      "clientIP": "::1",
      "userAgent": "Mozilla/5.0 (Windows NT 10.0; Win64; x64) AppleWebKit/537.36 (KHTML, like Gecko) Chrome/137.0.0.0 Safari/537.36"
    },
    "createdAt": "2025-06-06T05:00:40.895Z"
  },
  {
    "id": 1749189421637,
    "text": "プロジェクトマネージャーとかプロジェクト リーダーとかねプロジェクトをまとめるプロジェクト リーダーとして活躍してたいです\n\n 1個の会社で終わることはない なので1個作っちゃえば結構楽です もらいます\n\n どのように行かせますか おしまいじゃなくて それを仕事でどう活かすか っていう話までいける\n",
    "metadata": {
      "originalLength": 150,
      "sanitizedLength": 150,
      "timestamp": "2025-06-06T05:57:01.628Z",
      "source": "client",
      "clientIP": "::1",
      "userAgent": "Mozilla/5.0 (Windows NT 10.0; Win64; x64) AppleWebKit/537.36 (KHTML, like Gecko) Chrome/137.0.0.0 Safari/537.36"
    },
    "createdAt": "2025-06-06T05:57:01.637Z"
  },
  {
    "id": 1749190220269,
    "text": "これが開始できてて\nちゃんと 読み取れるじゃん ",
    "metadata": {
      "originalLength": 24,
      "sanitizedLength": 24,
      "timestamp": "2025-06-06T06:10:20.253Z",
      "source": "client",
      "clientIP": "::1",
      "userAgent": "Mozilla/5.0 (Windows NT 10.0; Win64; x64) AppleWebKit/537.36 (KHTML, like Gecko) Chrome/137.0.0.0 Safari/537.36"
    },
    "createdAt": "2025-06-06T06:10:20.269Z"
  },
  {
    "id": 1749437406120,
    "text": "これさあ 開始って押した時に上にポップアップ でないからちょっとだけ操作性 よくなってる時にリクエスト ",
    "metadata": {
      "originalLength": 52,
      "sanitizedLength": 52,
      "timestamp": "2025-06-09T02:50:06.080Z",
      "source": "client",
      "clientIP": "::1",
      "userAgent": "Mozilla/5.0 (Windows NT 10.0; Win64; x64) AppleWebKit/537.36 (KHTML, like Gecko) Chrome/137.0.0.0 Safari/537.36"
    },
    "createdAt": "2025-06-09T02:50:06.120Z"
  },
  {
    "id": 1749455992539,
    "text": "喋りかけてみ\nこんにちは\n\n 私は誰\n 次\n",
    "metadata": {
      "originalLength": 22,
      "sanitizedLength": 22,
      "timestamp": "2025-06-09T07:59:52.034Z",
      "source": "client",
      "clientIP": "::1",
      "userAgent": "Mozilla/5.0 (Windows NT 10.0; Win64; x64) AppleWebKit/537.36 (KHTML, like Gecko) Chrome/137.0.0.0 Safari/537.36"
    },
    "createdAt": "2025-06-09T07:59:52.539Z"
  },
  {
    "id": 1749521328536,
    "text": "独立してない\n ここまで到達する時間かかるから あれなんだけどさ\n そうレコーディング\nれたタイミングでするように っていうのができるから 換気できるらしいから それでやってる\n\n\n\nわけではないんだけど\n ノイズ\n\n\n\n どうやって 高さ 固定すればいいのかわかんないから ",
    "metadata": {
      "originalLength": 138,
      "sanitizedLength": 138,
      "timestamp": "2025-06-10T02:08:48.525Z",
      "source": "client",
      "clientIP": "::1",
      "userAgent": "Mozilla/5.0 (Windows NT 10.0; Win64; x64) AppleWebKit/537.36 (KHTML, like Gecko) Chrome/137.0.0.0 Safari/537.36"
    },
    "createdAt": "2025-06-10T02:08:48.536Z"
  },
  {
    "id": 1749531039469,
    "text": "けどちょっとまだ払ってないといつぐらいに払えそうかっていう 確認\n で支払い状況 ね 確認しております 特に収穫 関連証明書発行する時とかあとは何かしらの試験を受けなきゃいけなかったりとかにあのこういった 機材がね買ってきますので あの 速やかに対応できるように\nね\n はい\n 引き続き ゲーム作っていく っていうところを進めたいと思いますはい\n 多分 かからないんじゃないか ちょっと 人によるかもしれませんけどあるんですけどとはいえ えっとそこまでか\nからないで 時間は拒絶 デザインの時間としてインターンシップ オープニング 進めたりとかあとは 質問集 質問の内容をちょっと考えるとかそういった時間にもろもろ していきたいなと思います そんな形でやっていきましょうはいでえっと昨日の一通り 書いてもらって動けばいいよ っていう話ししましたけど動けばいいっていうのはあの起動すれば話ししましたけどそれだけだとやっぱり 画面のね 動きがどうかっていうところまで あの確認ができないので一旦 昨日時点で コード しっかりかけてれば動くよ っていう テンプレート ファイルを1個用意しました ゲーム アンダーバー 0609\nです ダウンロードしておいてください 行きたいと思います 制作課題というフォルダを作ってありますのでその中にはいえっと ゲーム アンダーバー 0609. PNP L ですね はい 置いてありますので ちょっとこれ ダウンロード\n完了したら はい ビジュアルスタジオコードって\n5のフォルダを えっと えっとなってる人を開い\nて\n入れちゃってますけど まるがつっていうフォルダの中にはいゲームアンダーバー 0609 ドット tmpl ですね はい 入れてあげて\n\n はい ダウンロード フォルダに入ってるやつ\n\n\nの勝利とか負けとかそういう 判定の手前までですね はい 昨日からずっと作ってるこのマルバツ ドット コウ っていうファイル 今ダウンロードしてファイル\n追加した方を見に行くようにしたいので 前の画面だと19行目になりますけど テンプレート ファイルを1個 指定しているところがね はい あります ここの部分を今入れたファイル\n\n 動かしてみたいと思います ちゃんと動くかどうかね\n\n",
    "metadata": {
      "originalLength": 958,
      "sanitizedLength": 958,
      "timestamp": "2025-06-10T04:50:39.457Z",
      "source": "client",
      "clientIP": "::1",
      "userAgent": "Mozilla/5.0 (Windows NT 10.0; Win64; x64) AppleWebKit/537.36 (KHTML, like Gecko) Chrome/137.0.0.0 Safari/537.36"
    },
    "createdAt": "2025-06-10T04:50:39.469Z"
  },
  {
    "id": 1749532017025,
    "text": "\n\nそうじゃない場合 つまり ゲーム開始じゃない場合\nもうすでに ゲーム始まっている時になりますけど\n 決まっている可能性があります\nと正直 決まってない 決まってないんですけどする必要もないので\n はい 勝敗の設定 あ えっと確認をするため 関数を この後作るんですけど はい この関数 finan というものを作ってそこで勝敗を決めれますなので決まってたら 瓶の中にするっていう判定が帰ってくる\n",
    "metadata": {
      "originalLength": 200,
      "sanitizedLength": 200,
      "timestamp": "2025-06-10T05:06:57.008Z",
      "source": "client",
      "clientIP": "::1",
      "userAgent": "Mozilla/5.0 (Windows NT 10.0; Win64; x64) AppleWebKit/537.36 (KHTML, like Gecko) Chrome/137.0.0.0 Safari/537.36"
    },
    "createdAt": "2025-06-10T05:06:57.025Z"
  },
  {
    "id": 1749606456913,
    "text": "その下にもう1個 ランがあってそこに英語で翻訳されたやつか\nなるほど\n\n\nデザインとして好きだなって思ってて サブウィンドウ出してそこで翻訳するとかもありだな\n 待って\n これが 翻訳ボタン押したら こことここになって ウィンドウがみたいなのがあるから色々あるよね って思って悩んでたから\n\n お悩み中 って感じで\nみたいな方が\nおしゃれするよね\n\n\n\n\n 別の CSS が適用されて大きさが半分になるよって こっちにも追加されるよ っていう形にすれば\n そうなんですよ\n\n\n\n\n\n\n\n お金払わずに使えて割と製造が良くて っていう\nそうです\n\n\nかなーっていう\nのがあって使い方はわかんないんですけど\n\n\n 翻訳ができるかどうかを確認する\n\n どうしましょうか\n\n プレゼンを30分くらい作って時間がクソ 終わるから\n考えたらまあ\n とりあえずやってみます\n\n\n\n\n\n\n\n」っていう話でした ",
    "metadata": {
      "originalLength": 397,
      "sanitizedLength": 397,
      "timestamp": "2025-06-11T01:47:36.868Z",
      "source": "client",
      "clientIP": "::1",
      "userAgent": "Mozilla/5.0 (Windows NT 10.0; Win64; x64) AppleWebKit/537.36 (KHTML, like Gecko) Chrome/137.0.0.0 Safari/537.36"
    },
    "createdAt": "2025-06-11T01:47:36.913Z"
  },
  {
    "id": 1749611198471,
    "text": "\nこれで 翻訳開始していませんになってて2000になっちゃいました\n 処理が難しかったんで\n 5秒に1回 翻訳するって形にしたんですよ\n そのまま使うために変わったんですけど いっぱいいっぱい 翻訳するって形にしたんで 使いにくくなってるんですけど 翻訳\nできてます\n\n\n リザルトに近いし 箱に入れて ここに表示する って書類をまずしないといけないんで まず そこからです\n 学生が課題で提出する時についてますって言われたら 大手 なるくらいの実際の環境で使うかどうかは一旦置いといて まあ できるから普通にいいよね みたいなやつできるかなって\n\n多分 翻訳できてる\nもともとのやつにテキストっていうところに日本語を入れたら英語に翻訳してくれるよ っていうやつが一番最初のやつだったんです\n 猫ちゃんです\n\n\n\n\n",
    "metadata": {
      "originalLength": 358,
      "sanitizedLength": 358,
      "timestamp": "2025-06-11T03:06:38.463Z",
      "source": "client",
      "clientIP": "::1",
      "userAgent": "Mozilla/5.0 (Windows NT 10.0; Win64; x64) AppleWebKit/537.36 (KHTML, like Gecko) Chrome/137.0.0.0 Safari/537.36"
    },
    "createdAt": "2025-06-11T03:06:38.471Z"
  },
  {
    "id": 1749611775785,
    "text": "こんにちは\n 翻訳されるようになってる\n 私は私は パソコンが好きです\n あなたは\n\n\n翻訳するっていう方法でやってるから めちゃくちゃ かんだけどさ\n そうなんだよね\n\n\n\n\n",
    "metadata": {
      "originalLength": 89,
      "sanitizedLength": 89,
      "timestamp": "2025-06-11T03:16:15.778Z",
      "source": "client",
      "clientIP": "::1",
      "userAgent": "Mozilla/5.0 (Windows NT 10.0; Win64; x64) AppleWebKit/537.36 (KHTML, like Gecko) Chrome/137.0.0.0 Safari/537.36"
    },
    "createdAt": "2025-06-11T03:16:15.785Z"
  },
  {
    "id": 1749694593236,
    "text": "こうやって出るようになって\n5秒待ったら\n 千葉でエクスポートとか対応させてもいいですけど そこまで メインの機能\nとしたら 混ざっちゃった キモいからキモいっていかれるじゃないですか\n\n わかんなかったんで\nいいか\n\n",
    "metadata": {
      "originalLength": 110,
      "sanitizedLength": 110,
      "timestamp": "2025-06-12T02:16:33.227Z",
      "source": "client",
      "clientIP": "::1",
      "userAgent": "Mozilla/5.0 (Windows NT 10.0; Win64; x64) AppleWebKit/537.36 (KHTML, like Gecko) Chrome/137.0.0.0 Safari/537.36"
    },
    "createdAt": "2025-06-12T02:16:33.236Z"
  }
]