[
  {
    "id": 1749610846851,
    "originalText": "こんにちは",
    "translatedText": "Hello.",
    "success": true,
    "error": null,
    "timestamp": "2025-06-11T03:00:46.851Z",
    "characterCount": 5
  },
  {
    "id": 1749611040691,
    "originalText": "これ",
    "translatedText": "This.",
    "success": true,
    "error": null,
    "timestamp": "2025-06-11T03:04:00.691Z",
    "characterCount": 2
  },
  {
    "id": 1749611045607,
    "originalText": "これで  翻訳開始していませんになってて2000になっちゃいました",
    "translatedText": "With this, the translation has not started and it is now 2000.",
    "success": true,
    "error": null,
    "timestamp": "2025-06-11T03:04:05.607Z",
    "characterCount": 33
  },
  {
    "id": 1749611050954,
    "originalText": "これで 翻訳開始していませんになってて2000になっちゃいました\n 処理が難しかっ",
    "translatedText": "With this, the translation has not started and it is now 2000.\nDifficult to process",
    "success": true,
    "error": null,
    "timestamp": "2025-06-11T03:04:10.954Z",
    "characterCount": 41
  },
  {
    "id": 1749611056102,
    "originalText": "これで 翻訳開始していませんになってて2000になっちゃいました\n 処理が難しかったんで\n 5秒に1回  翻訳するって形",
    "translatedText": "With this, the translation has not started and it is now 2000.\nIt was difficult to process.\nTranslate once every 5 seconds",
    "success": true,
    "error": null,
    "timestamp": "2025-06-11T03:04:16.102Z",
    "characterCount": 60
  },
  {
    "id": 1749611061232,
    "originalText": "これで 翻訳開始していませんになってて2000になっちゃいました\n 処理が難しかったんで\n 5秒に1回 翻訳するって形にしたんですよ",
    "translatedText": "With this, the translation has not started and it is now 2000.\nIt was difficult to process.\nAnd translate it once every five seconds.",
    "success": true,
    "error": null,
    "timestamp": "2025-06-11T03:04:21.232Z",
    "characterCount": 66
  },
  {
    "id": 1749611071902,
    "originalText": "これで 翻訳開始していませんになってて2000になっちゃいました\n 処理が難しかったんで\n 5秒に1回 翻訳するって形にしたんですよ\n そのまま使うために",
    "translatedText": "With this, the translation has not started and it is now 2000.\nIt was difficult to process.\nAnd translate it once every five seconds.\nTo use as it is",
    "success": true,
    "error": null,
    "timestamp": "2025-06-11T03:04:31.902Z",
    "characterCount": 77
  },
  {
    "id": 1749611076643,
    "originalText": "これで 翻訳開始していませんになってて2000になっちゃいました\n 処理が難しかったんで\n 5秒に1回 翻訳するって形にしたんですよ\n そのまま使うために変わったんですけど いっぱいいっぱい  翻訳するって形にしたんで",
    "translatedText": "With this, the translation has not started and it is now 2000.\nIt was difficult to process.\nAnd translate it once every five seconds.\nI changed it to use it as it is, but I translated it a lot.",
    "success": true,
    "error": null,
    "timestamp": "2025-06-11T03:04:36.643Z",
    "characterCount": 109
  },
  {
    "id": 1749611081638,
    "originalText": "これで 翻訳開始していませんになってて2000になっちゃいました\n 処理が難しかったんで\n 5秒に1回 翻訳するって形にしたんですよ\n そのまま使うために変わったんですけど いっぱいいっぱい 翻訳するって形にしたんで 使いにくくなってるんですけど",
    "translatedText": "With this, the translation has not started and it is now 2000.\nIt was difficult to process.\nAnd translate it once every five seconds.\nI changed it to use it as it is, but I translated it a lot, so it's hard to use.",
    "success": true,
    "error": null,
    "timestamp": "2025-06-11T03:04:41.638Z",
    "characterCount": 123
  },
  {
    "id": 1749611086846,
    "originalText": "これで 翻訳開始していませんになってて2000になっちゃいました\n 処理が難しかったんで\n 5秒に1回 翻訳するって形にしたんですよ\n そのまま使うために変わったんですけど いっぱいいっぱい 翻訳するって形にしたんで 使いにくくなってるんですけど 翻訳\nできてます",
    "translatedText": "With this, the translation has not started and it is now 2000.\nIt was difficult to process.\nAnd translate it once every five seconds.\nIt was changed in order to use it as it is, but I translated it a lot and made it into a shape, so it became difficult to use, but it was translated.\nIt's done.",
    "success": true,
    "error": null,
    "timestamp": "2025-06-11T03:04:46.846Z",
    "characterCount": 132
  },
  {
    "id": 1749611123383,
    "originalText": "これで 翻訳開始していませんになってて2000になっちゃいました\n 処理が難しかったんで\n 5秒に1回 翻訳するって形にしたんですよ\n そのまま使うために変わったんですけど いっぱいいっぱい 翻訳するって形にしたんで 使いにくくなってるんですけど 翻訳\nできてます\n\n\n リザルトに近いし  箱に入れて",
    "translatedText": "With this, the translation has not started and it is now 2000.\nIt was difficult to process.\nAnd translate it once every five seconds.\nIt was changed in order to use it as it is, but I translated it a lot and made it into a shape, so it became difficult to use, but it was translated.\nIt's done.\n\n\nIt's like a result. Put it in a box.",
    "success": true,
    "error": null,
    "timestamp": "2025-06-11T03:05:23.383Z",
    "characterCount": 151
  },
  {
    "id": 1749611128434,
    "originalText": "これで 翻訳開始していませんになってて2000になっちゃいました\n 処理が難しかったんで\n 5秒に1回 翻訳するって形にしたんですよ\n そのまま使うために変わったんですけど いっぱいいっぱい 翻訳するって形にしたんで 使いにくくなってるんですけど 翻訳\nできてます\n\n\n リザルトに近いし 箱に入れて ここに表示する  って書類をまずしないといけないんで",
    "translatedText": "With this, the translation has not started and it is now 2000.\nIt was difficult to process.\nAnd translate it once every five seconds.\nIt was changed in order to use it as it is, but I translated it a lot and made it into a shape, so it became difficult to use, but it was translated.\nIt's done.\n\n\nIT'S CLOSE TO THE RESULT, SO I HAVE TO PUT IT IN A BOX AND SHOW IT HERE.",
    "success": true,
    "error": null,
    "timestamp": "2025-06-11T03:05:28.434Z",
    "characterCount": 177
  },
  {
    "id": 1749611134042,
    "originalText": "これで 翻訳開始していませんになってて2000になっちゃいました\n 処理が難しかったんで\n 5秒に1回 翻訳するって形にしたんですよ\n そのまま使うために変わったんですけど いっぱいいっぱい 翻訳するって形にしたんで 使いにくくなってるんですけど 翻訳\nできてます\n\n\n リザルトに近いし 箱に入れて ここに表示する って書類をまずしないといけないんで まず そこからです",
    "translatedText": "With this, the translation has not started and it is now 2000.\nIt was difficult to process.\nAnd translate it once every five seconds.\nIt was changed in order to use it as it is, but I translated it a lot and made it into a shape, so it became difficult to use, but it was translated.\nIt's done.\n\n\nIT'S CLOSE TO THE RESULT, SO I'LL PUT IT IN A BOX AND SHOW IT HERE. I HAVE TO DO THE PAPERWORK FIRST, SO I'LL START FROM THERE.",
    "success": true,
    "error": null,
    "timestamp": "2025-06-11T03:05:34.042Z",
    "characterCount": 186
  },
  {
    "id": 1749611138441,
    "originalText": "これで 翻訳開始していませんになってて2000になっちゃいました\n 処理が難しかったんで\n 5秒に1回 翻訳するって形にしたんですよ\n そのまま使うために変わったんですけど いっぱいいっぱい 翻訳するって形にしたんで 使いにくくなってるんですけど 翻訳\nできてます\n\n\n リザルトに近いし 箱に入れて ここに表示する って書類をまずしないといけないんで まず そこからです",
    "translatedText": "With this, the translation has not started and it is now 2000.\nIt was difficult to process.\nAnd translate it once every five seconds.\nIt was changed in order to use it as it is, but I translated it a lot and made it into a shape, so it became difficult to use, but it was translated.\nIt's done.\n\n\nIT'S CLOSE TO THE RESULT, SO I'LL PUT IT IN A BOX AND SHOW IT HERE. I HAVE TO DO THE PAPERWORK FIRST, SO I'LL START FROM THERE.",
    "success": true,
    "error": null,
    "timestamp": "2025-06-11T03:05:38.441Z",
    "characterCount": 186
  },
  {
    "id": 1749611143950,
    "originalText": "これで 翻訳開始していませんになってて2000になっちゃいました\n 処理が難しかったんで\n 5秒に1回 翻訳するって形にしたんですよ\n そのまま使うために変わったんですけど いっぱいいっぱい 翻訳するって形にしたんで 使いにくくなってるんですけど 翻訳\nできてます\n\n\n リザルトに近いし 箱に入れて ここに表示する って書類をまずしないといけないんで まず そこからです\n 学生が課題で提出する時に...",
    "translatedText": "With this, the translation has not started and it is now 2000.\nIt was difficult to process.\nAnd translate it once every five seconds.\nIt was changed in order to use it as it is, but I translated it a lot and made it into a shape, so it became difficult to use, but it was translated.\nIt's done.\n\n\nIT'S CLOSE TO THE RESULT, SO I'LL PUT IT IN A BOX AND SHOW IT HERE. I HAVE TO DO THE PAPERWORK FIRST, SO I'LL START FROM THERE.\nIf you say it's about when a student submits an assignment, a major company",
    "success": true,
    "error": null,
    "timestamp": "2025-06-11T03:05:43.950Z",
    "characterCount": 222
  },
  {
    "id": 1749611148948,
    "originalText": "これで 翻訳開始していませんになってて2000になっちゃいました\n 処理が難しかったんで\n 5秒に1回 翻訳するって形にしたんですよ\n そのまま使うために変わったんですけど いっぱいいっぱい 翻訳するって形にしたんで 使いにくくなってるんですけど 翻訳\nできてます\n\n\n リザルトに近いし 箱に入れて ここに表示する って書類をまずしないといけないんで まず そこからです\n 学生が課題で提出する時に...",
    "translatedText": "With this, the translation has not started and it is now 2000.\nIt was difficult to process.\nAnd translate it once every five seconds.\nIt was changed in order to use it as it is, but I translated it a lot and made it into a shape, so it became difficult to use, but it was translated.\nIt's done.\n\n\nIT'S CLOSE TO THE RESULT, SO I'LL PUT IT IN A BOX AND SHOW IT HERE. I HAVE TO DO THE PAPERWORK FIRST, SO I'LL START FROM THERE.\nWhen a student is told that it's about the time to submit an assignment, leave aside whether or not to use it in a real environment of a major company, and it's normal because it can be done.",
    "success": true,
    "error": null,
    "timestamp": "2025-06-11T03:05:48.948Z",
    "characterCount": 254
  },
  {
    "id": 1749611154001,
    "originalText": "これで 翻訳開始していませんになってて2000になっちゃいました\n 処理が難しかったんで\n 5秒に1回 翻訳するって形にしたんですよ\n そのまま使うために変わったんですけど いっぱいいっぱい 翻訳するって形にしたんで 使いにくくなってるんですけど 翻訳\nできてます\n\n\n リザルトに近いし 箱に入れて ここに表示する って書類をまずしないといけないんで まず そこからです\n 学生が課題で提出する時に...",
    "translatedText": "With this, the translation has not started and it is now 2000.\nIt was difficult to process.\nAnd translate it once every five seconds.\nIt was changed in order to use it as it is, but I translated it a lot and made it into a shape, so it became difficult to use, but it was translated.\nIt's done.\n\n\nIT'S CLOSE TO THE RESULT, SO I'LL PUT IT IN A BOX AND SHOW IT HERE. I HAVE TO DO THE PAPERWORK FIRST, SO I'LL START FROM THERE.\nWhen I was told that it's about when students submit work for assignments, I left aside the question of whether or not to use it in the actual environment of a major company, and I thought that I could do it normally because I could do it.",
    "success": true,
    "error": null,
    "timestamp": "2025-06-11T03:05:54.001Z",
    "characterCount": 273
  },
  {
    "id": 1749611159150,
    "originalText": "これで 翻訳開始していませんになってて2000になっちゃいました\n 処理が難しかったんで\n 5秒に1回 翻訳するって形にしたんですよ\n そのまま使うために変わったんですけど いっぱいいっぱい 翻訳するって形にしたんで 使いにくくなってるんですけど 翻訳\nできてます\n\n\n リザルトに近いし 箱に入れて ここに表示する って書類をまずしないといけないんで まず そこからです\n 学生が課題で提出する時に...",
    "translatedText": "With this, the translation has not started and it is now 2000.\nIt was difficult to process.\nAnd translate it once every five seconds.\nIt was changed in order to use it as it is, but I translated it a lot and made it into a shape, so it became difficult to use, but it was translated.\nIt's done.\n\n\nIT'S CLOSE TO THE RESULT, SO I'LL PUT IT IN A BOX AND SHOW IT HERE. I HAVE TO DO THE PAPERWORK FIRST, SO I'LL START FROM THERE.\nWhen I was told that it's about when students submit work for assignments, I left aside the question of whether or not to use it in the actual environment of a major company, and I thought that I could do it normally because I could do it.",
    "success": true,
    "error": null,
    "timestamp": "2025-06-11T03:05:59.150Z",
    "characterCount": 272
  },
  {
    "id": 1749611164832,
    "originalText": "これで 翻訳開始していませんになってて2000になっちゃいました\n 処理が難しかったんで\n 5秒に1回 翻訳するって形にしたんですよ\n そのまま使うために変わったんですけど いっぱいいっぱい 翻訳するって形にしたんで 使いにくくなってるんですけど 翻訳\nできてます\n\n\n リザルトに近いし 箱に入れて ここに表示する って書類をまずしないといけないんで まず そこからです\n 学生が課題で提出する時に...",
    "translatedText": "With this, the translation has not started and it is now 2000.\nIt was difficult to process.\nAnd translate it once every five seconds.\nIt was changed in order to use it as it is, but I translated it a lot and made it into a shape, so it became difficult to use, but it was translated.\nIt's done.\n\n\nIT'S CLOSE TO THE RESULT, SO I'LL PUT IT IN A BOX AND SHOW IT HERE. I HAVE TO DO THE PAPERWORK FIRST, SO I'LL START FROM THERE.\nWhen I was told that it's about when students submit work for assignments, I left aside the question of whether or not to use it in the actual environment of a major company, and I thought that I could do it normally because I could do it.\n\nMaybe.",
    "success": true,
    "error": null,
    "timestamp": "2025-06-11T03:06:04.832Z",
    "characterCount": 276
  },
  {
    "id": 1749611169944,
    "originalText": "これで 翻訳開始していませんになってて2000になっちゃいました\n 処理が難しかったんで\n 5秒に1回 翻訳するって形にしたんですよ\n そのまま使うために変わったんですけど いっぱいいっぱい 翻訳するって形にしたんで 使いにくくなってるんですけど 翻訳\nできてます\n\n\n リザルトに近いし 箱に入れて ここに表示する って書類をまずしないといけないんで まず そこからです\n 学生が課題で提出する時に...",
    "translatedText": "\n\n\n\n\n\n\n\n\n\n\n",
    "success": true,
    "error": null,
    "timestamp": "2025-06-11T03:06:09.944Z",
    "characterCount": 288
  },
  {
    "id": 1749611174982,
    "originalText": "これで 翻訳開始していませんになってて2000になっちゃいました\n 処理が難しかったんで\n 5秒に1回 翻訳するって形にしたんですよ\n そのまま使うために変わったんですけど いっぱいいっぱい 翻訳するって形にしたんで 使いにくくなってるんですけど 翻訳\nできてます\n\n\n リザルトに近いし 箱に入れて ここに表示する って書類をまずしないといけないんで まず そこからです\n 学生が課題で提出する時に...",
    "translatedText": "\n\n\n\n\n\n\n\n\n\n\n",
    "success": true,
    "error": null,
    "timestamp": "2025-06-11T03:06:14.982Z",
    "characterCount": 298
  },
  {
    "id": 1749611180068,
    "originalText": "これで 翻訳開始していませんになってて2000になっちゃいました\n 処理が難しかったんで\n 5秒に1回 翻訳するって形にしたんですよ\n そのまま使うために変わったんですけど いっぱいいっぱい 翻訳するって形にしたんで 使いにくくなってるんですけど 翻訳\nできてます\n\n\n リザルトに近いし 箱に入れて ここに表示する って書類をまずしないといけないんで まず そこからです\n 学生が課題で提出する時に...",
    "translatedText": "\n\n\n\n\n\n\n\n\n\n\n",
    "success": true,
    "error": null,
    "timestamp": "2025-06-11T03:06:20.068Z",
    "characterCount": 336
  },
  {
    "id": 1749611185022,
    "originalText": "これで 翻訳開始していませんになってて2000になっちゃいました\n 処理が難しかったんで\n 5秒に1回 翻訳するって形にしたんですよ\n そのまま使うために変わったんですけど いっぱいいっぱい 翻訳するって形にしたんで 使いにくくなってるんですけど 翻訳\nできてます\n\n\n リザルトに近いし 箱に入れて ここに表示する って書類をまずしないといけないんで まず そこからです\n 学生が課題で提出する時に...",
    "translatedText": "\n\n\n\n\n\n\n\n\n\n\n",
    "success": true,
    "error": null,
    "timestamp": "2025-06-11T03:06:25.022Z",
    "characterCount": 344
  },
  {
    "id": 1749611190214,
    "originalText": "これで 翻訳開始していませんになってて2000になっちゃいました\n 処理が難しかったんで\n 5秒に1回 翻訳するって形にしたんですよ\n そのまま使うために変わったんですけど いっぱいいっぱい 翻訳するって形にしたんで 使いにくくなってるんですけど 翻訳\nできてます\n\n\n リザルトに近いし 箱に入れて ここに表示する って書類をまずしないといけないんで まず そこからです\n 学生が課題で提出する時に...",
    "translatedText": "\n\n\n\n\n\n\n\n\n\n\n\n",
    "success": true,
    "error": null,
    "timestamp": "2025-06-11T03:06:30.214Z",
    "characterCount": 352
  },
  {
    "id": 1749611195591,
    "originalText": "これで 翻訳開始していませんになってて2000になっちゃいました\n 処理が難しかったんで\n 5秒に1回 翻訳するって形にしたんですよ\n そのまま使うために変わったんですけど いっぱいいっぱい 翻訳するって形にしたんで 使いにくくなってるんですけど 翻訳\nできてます\n\n\n リザルトに近いし 箱に入れて ここに表示する って書類をまずしないといけないんで まず そこからです\n 学生が課題で提出する時に...",
    "translatedText": "\n\n\n\n\n\n\n\n\n\n\n\n\n",
    "success": true,
    "error": null,
    "timestamp": "2025-06-11T03:06:35.591Z",
    "characterCount": 360
  },
  {
    "id": 1749611692258,
    "originalText": "こんにちは",
    "translatedText": "Hello.",
    "success": true,
    "error": null,
    "timestamp": "2025-06-11T03:14:52.258Z",
    "characterCount": 5
  },
  {
    "id": 1749611697637,
    "originalText": "こんにちは\n まだ 翻訳",
    "translatedText": "Hello.\nStill translating",
    "success": true,
    "error": null,
    "timestamp": "2025-06-11T03:14:57.637Z",
    "characterCount": 12
  },
  {
    "id": 1749611702653,
    "originalText": "こんにちは\n 翻訳されるようになってる",
    "translatedText": "Hello.\nIt's supposed to be translated.",
    "success": true,
    "error": null,
    "timestamp": "2025-06-11T03:15:02.653Z",
    "characterCount": 19
  },
  {
    "id": 1749611707513,
    "originalText": "こんにちは\n 翻訳されるようになってる\n私",
    "translatedText": "Hello.\nIt's supposed to be translated.\nI.",
    "success": true,
    "error": null,
    "timestamp": "2025-06-11T03:15:07.513Z",
    "characterCount": 21
  },
  {
    "id": 1749611712708,
    "originalText": "こんにちは\n 翻訳されるようになってる\n 私は私は パソコンが好きです",
    "translatedText": "Hello.\nIt's supposed to be translated.\nI like the personal computer",
    "success": true,
    "error": null,
    "timestamp": "2025-06-11T03:15:12.708Z",
    "characterCount": 35
  },
  {
    "id": 1749611717749,
    "originalText": "こんにちは\n 翻訳されるようになってる\n 私は私は パソコンが好きです\n あなたは",
    "translatedText": "Hello.\nIt's supposed to be translated.\nI like the personal computer\nYou.",
    "success": true,
    "error": null,
    "timestamp": "2025-06-11T03:15:17.749Z",
    "characterCount": 41
  },
  {
    "id": 1749611740833,
    "originalText": "こんにちは\n 翻訳されるようになってる\n 私は私は パソコンが好きです\n あなたは\n\n\n翻訳するっていう方法でやってるから めちゃくちゃ かんだけど",
    "translatedText": "Hello.\nIt's supposed to be translated.\nI like the personal computer\nYou.\n\n\nI DO IT BY TRANSLATING, SO I'M TOTALLY MESSED UP.",
    "success": true,
    "error": null,
    "timestamp": "2025-06-11T03:15:40.833Z",
    "characterCount": 74
  },
  {
    "id": 1749611744493,
    "originalText": "こんにちは\n 翻訳されるようになってる\n 私は私は パソコンが好きです\n あなたは\n\n\n翻訳するっていう方法でやってるから めちゃくちゃ かんだけどさ",
    "translatedText": "Hello.\nIt's supposed to be translated.\nI like the personal computer\nYou.\n\n\nI'M TRYING TO TRANSLATE IT, SO I'M TOTALLY MESSED UP.",
    "success": true,
    "error": null,
    "timestamp": "2025-06-11T03:15:44.493Z",
    "characterCount": 75
  },
  {
    "id": 1749611749545,
    "originalText": "こんにちは\n 翻訳されるようになってる\n 私は私は パソコンが好きです\n あなたは\n\n\n翻訳するっていう方法でやってるから めちゃくちゃ かんだけどさ\n そうなんだよね",
    "translatedText": "Hello.\nIt's supposed to be translated.\nI like the personal computer\nYou.\n\n\nI'M TRYING TO TRANSLATE IT, SO I'M TOTALLY MESSED UP.\nI know.",
    "success": true,
    "error": null,
    "timestamp": "2025-06-11T03:15:49.545Z",
    "characterCount": 84
  },
  {
    "id": 1749611765241,
    "originalText": "こんにちは\n 翻訳されるようになってる\n 私は私は パソコンが好きです\n あなたは\n\n\n翻訳するっていう方法でやってるから めちゃくちゃ かんだけどさ\n そうなんだよね\n\n 私は翻訳を頑張っています",
    "translatedText": "Hello.\nIt's supposed to be translated.\nI like the personal computer\nYou.\n\n\nI'M TRYING TO TRANSLATE IT, SO I'M TOTALLY MESSED UP.\nI know.\n\nI'm trying my best to translate.",
    "success": true,
    "error": null,
    "timestamp": "2025-06-11T03:16:05.241Z",
    "characterCount": 99
  },
  {
    "id": 1749611774404,
    "originalText": "こんにちは\n 翻訳されるようになってる\n 私は私は パソコンが好きです\n あなたは\n\n\n翻訳するっていう方法でやってるから めちゃくちゃ かんだけどさ\n そうなんだよね",
    "translatedText": "Hello.\nIt's supposed to be translated.\nI like the personal computer\nYou.\n\n\nI'M TRYING TO TRANSLATE IT, SO I'M TOTALLY MESSED UP.\nI know.",
    "success": true,
    "error": null,
    "timestamp": "2025-06-11T03:16:14.404Z",
    "characterCount": 84
  },
  {
    "id": 1749694533760,
    "originalText": "こうやって出るようになって",
    "translatedText": "This is how it came out.",
    "success": true,
    "error": null,
    "timestamp": "2025-06-12T02:15:33.760Z",
    "characterCount": 13
  },
  {
    "id": 1749694538642,
    "originalText": "こうやって出るようになって\n5秒待ったら",
    "translatedText": "This is how it came out.\nWait five seconds.",
    "success": true,
    "error": null,
    "timestamp": "2025-06-12T02:15:38.642Z",
    "characterCount": 20
  },
  {
    "id": 1749694544003,
    "originalText": "こうやって出るようになって\n5秒待ったら\n This is なんちゃら",
    "translatedText": "This is how it came out.\nWait five seconds.\nThis is Nanchara",
    "success": true,
    "error": null,
    "timestamp": "2025-06-12T02:15:44.003Z",
    "characterCount": 35
  },
  {
    "id": 1749694548934,
    "originalText": "こうやって出るようになって\n5秒待ったら\n This is なんちゃらこっち",
    "translatedText": "This is how it came out.\nWait five seconds.\nThis is Nanchara Kore",
    "success": true,
    "error": null,
    "timestamp": "2025-06-12T02:15:48.934Z",
    "characterCount": 38
  },
  {
    "id": 1749694553903,
    "originalText": "こうやって出るようになって\n5秒待ったら\n 千葉でエクスポートとか対応させてもいいですけど",
    "translatedText": "This is how it came out.\nWait five seconds.\nYou can also export it in Chiba.",
    "success": true,
    "error": null,
    "timestamp": "2025-06-12T02:15:53.903Z",
    "characterCount": 45
  },
  {
    "id": 1749694558892,
    "originalText": "こうやって出るようになって\n5秒待ったら\n 千葉でエクスポートとか対応させてもいいですけど そこまで メインの機能",
    "translatedText": "This is how it came out.\nWait five seconds.\nYou can export it in Chiba, but that is the main function.",
    "success": true,
    "error": null,
    "timestamp": "2025-06-12T02:15:58.892Z",
    "characterCount": 57
  },
  {
    "id": 1749694569318,
    "originalText": "こうやって出るようになって\n5秒待ったら\n 千葉でエクスポートとか対応させてもいいですけど そこまで メインの機能\nとしたら 混ざっちゃった キモいからキモいって行かれる",
    "translatedText": "This is how it came out.\nWait five seconds.\nYou can export it in Chiba, but that is the main function.\nTHEN I MIXED IT UP. HE SAID HE WAS GROSS, SO HE WENT.",
    "success": true,
    "error": null,
    "timestamp": "2025-06-12T02:16:09.318Z",
    "characterCount": 85
  },
  {
    "id": 1749694574233,
    "originalText": "こうやって出るようになって\n5秒待ったら\n 千葉でエクスポートとか対応させてもいいですけど そこまで メインの機能\nとしたら 混ざっちゃった キモいからキモいっていかれるじゃないですか",
    "translatedText": "This is how it came out.\nWait five seconds.\nYou can export it in Chiba, but that is the main function.\nTHEN SHE MIXED IT UP. SHE SAID SHE WAS GROSS AND GROSS.",
    "success": true,
    "error": null,
    "timestamp": "2025-06-12T02:16:14.233Z",
    "characterCount": 92
  },
  {
    "id": 1749694585120,
    "originalText": "こうやって出るようになって\n5秒待ったら\n 千葉でエクスポートとか対応させてもいいですけど そこまで メインの機能\nとしたら 混ざっちゃった キモいからキモいっていかれるじゃないですか\n\n ほぼ 理解",
    "translatedText": "This is how it came out.\nWait five seconds.\nYou can export it in Chiba, but that is the main function.\nTHEN SHE MIXED IT UP. SHE SAID SHE WAS GROSS AND GROSS.\n\nAlmost understood",
    "success": true,
    "error": null,
    "timestamp": "2025-06-12T02:16:25.120Z",
    "characterCount": 100
  },
  {
    "id": 1749694590137,
    "originalText": "こうやって出るようになって\n5秒待ったら\n 千葉でエクスポートとか対応させてもいいですけど そこまで メインの機能\nとしたら 混ざっちゃった キモいからキモいっていかれるじゃないですか\n\n わかんなかったんで",
    "translatedText": "This is how it came out.\nWait five seconds.\nYou can export it in Chiba, but that is the main function.\nTHEN SHE MIXED IT UP. SHE SAID SHE WAS GROSS AND GROSS.\n\nI didn't know.",
    "success": true,
    "error": null,
    "timestamp": "2025-06-12T02:16:30.137Z",
    "characterCount": 104
  },
  {
    "id": 1749694595419,
    "originalText": "こうやって出るようになって\n5秒待ったら\n 千葉でエクスポートとか対応させてもいいですけど そこまで メインの機能\nとしたら 混ざっちゃった キモいからキモいっていかれるじゃないですか\n\n わかんなかったんで\nいいか",
    "translatedText": "This is how it came out.\nWait five seconds.\nYou can export it in Chiba, but that is the main function.\nTHEN SHE MIXED IT UP. SHE SAID SHE WAS GROSS AND GROSS.\n\nI didn't know.\nOkay.",
    "success": true,
    "error": null,
    "timestamp": "2025-06-12T02:16:35.419Z",
    "characterCount": 108
  }
]